"diagnosis","range","mean","SD","median","n"
"B",10.869,12.1465238095238,1.78051164614104,12.2,357
"M",17.16,17.4628301886792,3.20397110077937,17.325,212
